Small street 10,Big street 10
Small street 4,Big street 8
Small street 2,Big street 6
Small street 8,Big street 4
Small street 10,Big street 2
Small street 8,Big street 8
Big street 6,Big street 8
Small street 4,Big street 2
Small street 2,Big street 8
Big street 2,Big street 6
Big street 10,Big street 4
Small street 2,Big street 2
Small street 10,Big street 8
Small street 4,Big street 2
Small street 2,Big street 4
Small street 10,Big street 4
Small street 10,Big street 4
Small street 4,Big street 4
Small street 2,Big street 2
Small street 8,Big street 8
Small street 10,Big street 2
Small street 8,Big street 4
Big street 6,Big street 6
Small street 4,Big street 8
Small street 2,Big street 2
Big street 2,Big street 8
Big street 10,Big street 8
Small street 2,Big street 2
Small street 10,Big street 4
Small street 4,Big street 6
Small street 2,Big street 8
Small street 10,Big street 10
